serving-sys.com	Motion		tribunnews.com, grid.id, yenisafak.com	815	0.0485
adsco.re	Motion, Orientation	Canvas, WebRTC	tamilrockers.li, worldfree4u.club, thepiratebay3.org	648	0.0275
doubleverify.com	Motion		youm7.com, ign.com, filehippo.com	517	0.0453
alicdn.com	Orientation	WebRTC	taobao.com, tmall.com, login.tmall.com	417	0.3303
admixer.net	Motion		alwakeelnews.com, segodnya.ua, tsn.ua	112	0.005
b2c.com	Light, Proximity, Motion, Orientation	AudioContext, Battery	reuters.com, knowyourmeme.com, gotomeeting.com	108	0.0114
lightboxcdn.com	Orientation		cnet.com, thehill.com, avclub.com	84	0.0174
yieldmo.com	Orientation		cnn.com, foxnews.com, gamespot.com	83	0.0263
vimeocdn.com	Orientation		gwu.edu, undp.org, marieclairearabia.com	80	0.0025
ajax.googleapis.com	Orientation		cbslocal.com, androidauthority.com, uproxx.com	65	0.0034
sparkflow.net	Motion, Orientation		cbslocal.com, androidauthority.com, uproxx.com	64	0.0034
baidu.com	Motion	Canvas, WebRTC, Battery	1ppt.com, 5156edu.com, co188.com	59	0.0018
perimeterx.net	Motion	Canvas, AudioContext	zillow.com, udemy.com, bloomberg.com	37	0.0142
adsafeprotected.com	Orientation, Light, Proximity	Battery	wired.com, cbslocal.com, apartmenttherapy.com	36	0.0023
onetag-cdn.com	Orientation		dilei.it, mangaeden.com, animeclick.it	25	0.0005
cloudflare.com	Orientation, Motion		torrentdosfilmeshd.net, el7l.tv, watchtheoffice.online	24	0.001
ad-score.com	Orientation, Motion	Canvas, AudioContext, WebRTC, Battery	heraldweekly.com, maxpreps.com, daily-stuff.com	24	0.0011
probtn.com	Orientation		vesti.ru, nation.co.ke, tuko.co.ke	19	0.0036
skyscnr.com	Orientation		skyscanner.ru, skyscanner.de, skyscanner.it	17	0.001
foresee.com	Orientation	Canvas	t-mobile.com, amd.com, cox.com	15	0.0019
answerscloud.com	Orientation	Canvas	homedepot.com, macys.com, uscis.gov	15	0.005
d2t77mnxyo7adj.cloudfront.net	Motion	Canvas	99designs.com, renttherunway.com, touchofmodern.com	13	0.0007
api.no	Orientation		nettavisen.no, prisguiden.no, an.no	13	0.0004
ztsrv.com	Orientation, Motion, Light	Canvas	vivastreet.co.uk, peopleclick.com, jula.se	12	0.0004
googlesyndication.com	Motion, Orientation		usmagazine.com, hakaik24.com, vozpopuli.com	9	0.0005
go-mpulse.net	Orientation, Motion		macys.com, tuko.co.ke, bedbathandbeyond.com	9	0.0027
wo-x.cn	Orientation		dsmi.cc, 9rsm.com, yuewz.com	9	0.0002
porngray.com	Orientation		pornodingue.com, heuteporno.com, pornjam.com	8	0.0003
mileporn.com	Orientation		pornodoido.com, voglioporno.com, canalporno.com	7	0.0003
wayfair.com	Motion		wayfair.com, allmodern.com, wayfair.ca	7	0.0012
vimeo.com	Orientation		marieclairearabia.com, misterhorse.tv, gitkraken.com	6	0.0002
geetest.com	Orientation	Canvas, WebRTC	sdxy.gov.cn, zhenai.com, eeban.com	5	0.0002
moatads.com	Orientation	Canvas, Battery	stuff.co.nz, eatingwell.com, clublexus.com	5	0.0004
openxt.cn	Motion		zhainanfulishe.net, keaidian.com, yangqiu.cn	5	0.0001
ihg.com	Orientation, Motion	Canvas	ihg.com, holidayinn.com, intercontinental.com	4	0.0004
maps.googleapis.com	Orientation		uab.cat, aiims.edu, uab.es	4	0.0001
connatix.com	Motion, Orientation		newsobserver.com, kansascity.com, zehabesha.com	4	0.0002
rawgit.com	Orientation		linkrex.net, tirexo.net, extrawiki.com	4	0.0001
citi.com	Orientation	Canvas, Canvas font, AudioContext, WebRTC	citi.com, citibank.com, citicards.com	4	0.0019
pxi.pub	Motion	Canvas, AudioContext	thoughtcatalog.com, realgm.com, thehindubusinessline.com	4	0.0004
fengkongcloud.com	Orientation	Canvas	bolo.me, 6.cn, lianbijr.com	3	0.0001
united.com	Orientation, Motion	Canvas	united.com, mileageplus.com, unitedwifi.com	3	0.0009
hotels.com	Orientation, Motion	Canvas	hotels.com, hoteles.com, hoteis.com	3	0.0016
wellsfargo.com	Orientation		wellsfargo.com, wf.com, wellsfargoadvisors.com	3	0.0038
queit.in	Orientation, Motion	Canvas	busbud.com, giftcardmall.com, giftcards.com	3	0.0001
qualtrics.com	Orientation		canadapost.ca, epost.ca, decathlon.com.br	3	0.0003
nike.com	Orientation, Motion	Canvas	nike.com, converse.com, jordan.com	3	0.0022
asos.com	Orientation, Motion		asos.com, asos.fr, asos.de	3	0.0028
logmeininc.com	Motion	Canvas	gotomeeting.com, gotowebinar.com, gotoassist.com	3	0.0016
granicus.com	Proximity		govdelivery.com, granicus.com	2	0.0002
belgium.be	Light, Orientation, Motion	Canvas, WebRTC	belgium.be, fgov.be	2	0.0002
originplatform.com	Motion, Orientation		sherdog.com, mandatory.com	2	0.0003
d167sl77k83rtf.cloudfront.net	Orientation, Motion		dramamate.com, pinoytvshows.me	2	0.0001
marriott.com	Motion, Orientation	Canvas, Canvas font, WebRTC	marriott.com, marriottrewards.com	2	0.0007
traffichunt.com	Motion	WebRTC	3gptube.co, xxxfunk.com	2	0.0
emirates.com	Orientation, Motion	Canvas	emirates.com, goldunionmobi.com	2	0.0004
adform.net	Orientation		boligsiden.dk, dk-kogebogen.dk	2	0.0
adcanvas.com	Motion, Orientation		playtech.ro, europafm.ro	2	0.0001
radial.com	Light, Motion, Orientation	Canvas, Canvas font, WebRTC	gnc.com, hibbett.com	2	0.0001
groupon.com	Motion, Orientation	Canvas	groupon.com, groupon.hk	2	0.0015
wetteronline.de	Orientation		wetteronline.de, wetteronline.at	2	0.0009
britishairways.com	Motion, Orientation	Canvas, WebRTC	britishairways.com, ba.com	2	0.0003
clearstream.tv	Orientation		fashionbeans.com, movietvtechgeeks.com	2	0.0001
johnlewis.com	Orientation		johnlewis.com, johnlewis.co.uk	2	0.0002
mmoframes.com	Orientation		mmoframes.com, myhotzpic.com	2	0.0024
discover.com	Orientation	Canvas, Canvas font	discover.com, discovercard.com	2	0.0012
we-stats.com	Orientation, Motion	AudioContext, WebRTC	banorte.com, ixe.com.mx	2	0.0002
cox.com	Orientation		cox.com, cox.net	2	0.0004
schwab.com	Orientation, Motion	Canvas	schwab.com, schwabplan.com	2	0.0007
eat24.com	Motion		eat24.com, eat24hrs.com	2	0.0001
siemens.com	Orientation		siemens.com, siemens-info.com	2	0.0003
nordstrom.com	Orientation, Motion	Canvas	nordstrom.com, nordstrom.net	2	0.0011
porn300.com	Orientation		serviporno.com, pornodrome.tv	2	0.0005
epson.eu	Proximity		epson.eu, epson-europe.com	2	0.0
westernunion.com	Orientation	Canvas, Canvas font, AudioContext, WebRTC	westernunion.com, wu.com	2	0.0003
fncstatic.com	Orientation		foxnews.com, foxbusiness.com	2	0.0043
mycanal.fr	Motion, Orientation	Canvas	mycanal.fr, canal-plus.com	2	0.0002
vroptimal-3dx-assets.com	Orientation		tucasa.com, sievent.com	2	0.0
e-consulta.com	Orientation		e-consulta.com	1	0.0
anthropologie.com	Orientation, Motion	Canvas	anthropologie.com	1	0.0002
carhartt.com	Orientation, Motion	Canvas	carhartt.com	1	0.0
dutchbanglabank.com	Orientation, Motion, Light	Canvas, WebRTC	dutchbanglabank.com	1	0.0
smashcast.tv	Orientation		gosugamers.net	1	0.0001
adidas.de	Orientation, Motion	Canvas	adidas.de	1	0.0001
zalora.com.tw	Orientation, Motion	Canvas	zalora.com.tw	1	0.0
btstatic.com	Orientation		subaru.com	1	0.0001
iberia.com	Orientation	Canvas, Canvas font	iberia.com	1	0.0001
vans.de	Orientation, Motion	Canvas	vans.de	1	0.0
nireeka.com	Orientation		nireeka.com	1	0.0
ae.com	Orientation, Motion	Canvas	ae.com	1	0.0003
dsw.com	Orientation, Motion	Canvas	dsw.com	1	0.0002
urbanoutfitters.com	Orientation, Motion	Canvas	urbanoutfitters.com	1	0.0006
autoscout24.de	Orientation		autoscout24.de	1	0.0004
videostripe.com	Orientation		videostripe.com	1	0.0
brooksbrothers.com	Orientation, Motion	Canvas	brooksbrothers.com	1	0.0
teacherspayteachers.com	Orientation, Motion	Canvas	teacherspayteachers.com	1	0.0001
kmart.com	Orientation, Motion	Canvas	kmart.com	1	0.0001
kohls.com	Orientation, Motion	Canvas	kohls.com	1	0.0007
twinspires.com	Orientation, Motion	Canvas	twinspires.com	1	0.0
westjet.com	Orientation	Canvas, Canvas font	westjet.com	1	0.0001
buybuybaby.com	Orientation, Motion	Canvas	buybuybaby.com	1	0.0001
ncl.com	Orientation, Motion	Canvas	ncl.com	1	0.0001
shatelland.com	Orientation		shatelland.com	1	0.0001
haozhaopian.net	Orientation		fotor.com	1	0.0002
sketchfab.com	Orientation		sketchfab.com	1	0.0002
choicehotels.com	Orientation, Motion	Canvas	choicehotels.com	1	0.0001
atza.club	Orientation		atza.club	1	0.0
marthastewartweddings.com	Orientation, Proximity, Light, Motion		marthastewartweddings.com	1	0.0
papajohns.com	Orientation, Motion	Canvas	papajohns.com	1	0.0002
abcnews.com	Orientation		abcnews.go.com	1	0.0007
videnskab.dk	Orientation		videnskab.dk	1	0.0
ledger-enquirer.com	Orientation		ledger-enquirer.com	1	0.0
thedigitalprojectmanager.com	Orientation		thedigitalprojectmanager.com	1	0.0
americanfunds.com	Orientation, Motion	Canvas	americanfunds.com	1	0.0
adidas.se	Orientation, Motion	Canvas	adidas.se	1	0.0
karusel-tv.ru	Orientation	Canvas	karusel-tv.ru	1	0.0
zerator.com	Orientation, Motion		zerator.com	1	0.0
express.com	Orientation, Motion	Canvas	express.com	1	0.0001
homedepot.com	Orientation, Motion	Canvas	homedepot.com	1	0.0026
alipayobjects.com	Orientation		alipay.com	1	0.0227
harrods.com	Orientation, Motion	Canvas	harrods.com	1	0.0
marriott.co.uk	Orientation, Motion	Canvas, Canvas font, WebRTC	marriott.co.uk	1	0.0
dp2grqeda4qqm.cloudfront.net	Orientation		omgyes.com	1	0.0
bankia.es	Orientation, Proximity, Light, Motion		bankia.es	1	0.0002
star-telegram.com	Orientation		star-telegram.com	1	0.0
userty.com	Orientation		cheapcaribbean.com	1	0.0
zalora.com.my	Orientation, Motion	Canvas	zalora.com.my	1	0.0001
carphonewarehouse.com	Orientation		carphonewarehouse.com	1	0.0001
singaporeair.com	Orientation, Motion	Canvas	singaporeair.com	1	0.0001
grundfos.com	Orientation, Motion	Canvas	grundfos.com	1	0.0
shopyourway.com	Orientation, Motion	Canvas	shopyourway.com	1	0.0
rei.com	Orientation, Motion	Canvas	rei.com	1	0.0005
360.cn	Orientation	Canvas	youxi.com	1	0.0
institutoaocp.org.br	Orientation		institutoaocp.org.br	1	0.0
openbank.es	Orientation, Motion	Canvas	openbank.es	1	0.0
usbank.com	Orientation	Canvas	usbank.com	1	0.0008
kbn.news	Orientation		kbn.news	1	0.0001
cabelas.ca	Orientation, Motion	Canvas	cabelas.ca	1	0.0
groupon.ca	Orientation, Motion	Canvas	groupon.ca	1	0.0
joomshaper.com	Orientation, Motion		joomshaper.com	1	0.0
qut.edu.au	Orientation		qut.edu.au	1	0.0001
weiwendata.com	Orientation		wewen.io	1	0.0
pornglee.com	Orientation		cumlouder.com	1	0.0003
qvc.de	Orientation, Motion	Canvas	qvc.de	1	0.0
adidas.ru	Orientation, Motion	Canvas	adidas.ru	1	0.0001
starhub.com	Orientation		starhub.com	1	0.0001
snahp.it	Orientation, Motion		snahp.it	1	0.0002
jcpenney.com	Orientation, Motion	Canvas	jcpenney.com	1	0.0004
mcclatchydc.com	Orientation		mcclatchydc.com	1	0.0
macromill.com	Orientation		macromill.com	1	0.0002
marijuanabreak.com	Orientation		marijuanabreak.com	1	0.0
iffcotokio.co.in	Orientation		iffcotokio.co.in	1	0.0
princess.com	Orientation, Motion	Canvas	princess.com	1	0.0001
navyfederal.org	Orientation, Motion	Canvas	navyfederal.org	1	0.0004
jetstar.com	Orientation, Motion	Canvas	jetstar.com	1	0.0002
qvc.com	Orientation, Motion	Canvas	qvc.com	1	0.0002
zalora.com.ph	Orientation, Motion	Canvas	zalora.com.ph	1	0.0
cdw.com	Orientation, Motion	Canvas	cdw.com	1	0.0001
pgatour.com	Orientation		pgatour.com	1	0.0004
finishline.com	Orientation, Motion	Canvas	finishline.com	1	0.0001
androidauthority.com	Orientation, Motion		androidauthority.com	1	0.0003
jjill.com	Orientation, Motion	Canvas	jjill.com	1	0.0
zalora.sg	Orientation, Motion	Canvas	zalora.sg	1	0.0
autoscout24.es	Orientation		autoscout24.es	1	0.0
kansas.com	Orientation		kansas.com	1	0.0
bostonherald.com	Orientation, Motion		bostonherald.com	1	0.0
yarportal.ru	Orientation		yarportal.ru	1	0.0
jetboy.jp	Orientation		jetboy.jp	1	0.0
pizzahut.com	Orientation, Motion	Canvas	pizzahut.com	1	0.0002
d2sdiix1bd21d9.cloudfront.net	Orientation		visitacity.com	1	0.0
cdwg.com	Orientation, Motion	Canvas	cdwg.com	1	0.0
fingerhut.com	Orientation, Motion	Canvas	fingerhut.com	1	0.0
delta.com	Orientation, Motion	Canvas	delta.com	1	0.001
bellinghamherald.com	Orientation		bellinghamherald.com	1	0.0
qatarairways.com	Orientation		qatarairways.com	1	0.0005
discoverstudentloans.com	Orientation	Canvas, Canvas font	discoverstudentloans.com	1	0.0
quizup.com	Orientation, Motion		quizup.com	1	0.0
khv.gov.ru	Orientation		khv.gov.ru	1	0.0
empireblue.com	Orientation, Motion	Canvas	empireblue.com	1	0.0
omnitagjs.com	Orientation		mopo.de	1	0.0001
aeroflot.ru	Orientation, Motion	Canvas	aeroflot.ru	1	0.0003
lowes.com	Orientation, Motion	Canvas	lowes.com	1	0.0013
timberland.com	Orientation, Motion	Canvas	timberland.com	1	0.0
cformanalytics.com	Orientation, Motion	Canvas	moosejaw.com	1	0.0
finanz.ru	Orientation		finanz.ru	1	0.0
gamespot.com	Orientation		gamespot.com	1	0.0033
delonghi.com	Orientation		delonghi.com	1	0.0
history.vn.ua	Orientation		history.vn.ua	1	0.0
cdw.ca	Orientation, Motion	Canvas	cdw.ca	1	0.0
cathaypacific.com	Orientation, Motion	Canvas	cathaypacific.com	1	0.0002
groupon.fr	Orientation, Motion	Canvas	groupon.fr	1	0.0001
gucci.com	Orientation, Motion	Canvas	gucci.com	1	0.0003
toyota.com.au	Orientation, Motion		toyota.com.au	1	0.0
zuche.com	Orientation, Motion	WebRTC	zuche.com	1	0.0
marriott.com.cn	Orientation, Motion	Canvas, Canvas font, WebRTC	marriott.com.cn	1	0.0
saksoff5th.com	Orientation, Motion	Canvas	saksoff5th.com	1	0.0001
addroplet.com	Orientation	WebRTC	washingtonexaminer.com	1	0.0001
bostoncalling.com	Orientation		bostoncalling.com	1	0.0
tiffany.com	Orientation, Motion	Canvas	tiffany.com	1	0.0001
miamiherald.com	Orientation		miamiherald.com	1	0.0002
thebay.com	Orientation, Motion	Canvas	thebay.com	1	0.0001
gilt.com	Orientation, Motion	Canvas	gilt.com	1	0.0001
ipirani.ir	Orientation		ipirani.ir	1	0.0
suzukibakery.com	Orientation		suzukibakery.com	1	0.0
kuula.co	Orientation		kuula.co	1	0.0
cabelas.com	Orientation, Motion	Canvas	cabelas.com	1	0.0002
livingsocial.com	Orientation, Motion	Canvas	livingsocial.com	1	0.0001
media-allrecipes.com	Orientation		allrecipes.com	1	0.0008
us08jdsf-weqiruws-dqidu71-kdnfueska.s3.amazonaws.com	Orientation, Motion		allrecipes.com.br	1	0.0
avnet.com	Orientation, Motion	Canvas	avnet.com	1	0.0
tractorsupply.com	Orientation, Motion	Canvas	tractorsupply.com	1	0.0001
alliedelec.com	Orientation, Light, Motion		alliedelec.com	1	0.0
sears.com	Orientation, Motion	Canvas	sears.com	1	0.0003
tacobell.com	Orientation, Motion	Canvas	tacobell.com	1	0.0001
loblaws.ca	Orientation	Canvas, Canvas font, AudioContext, WebRTC	loblaws.ca	1	0.0
sanluisobispo.com	Orientation		sanluisobispo.com	1	0.0
eastbay.com	Orientation, Motion	Canvas	eastbay.com	1	0.0001
asiamiles.com	Orientation, Motion	Canvas	asiamiles.com	1	0.0
time.com	Orientation		time.com	1	0.0012
connection.com	Orientation, Motion	Canvas	connection.com	1	0.0
vans.com	Orientation, Motion	Canvas	vans.com	1	0.0001
luisaviaroma.com	Orientation, Motion	Canvas	luisaviaroma.com	1	0.0001
trunkclub.com	Orientation, Motion	Canvas	trunkclub.com	1	0.0
gayjection.com	Orientation		pichaloca.com	1	0.0
studentuniverse.com	Orientation, Motion	Canvas	studentuniverse.com	1	0.0001
autoscout24.at	Orientation		autoscout24.at	1	0.0
michaelkors.com	Orientation, Motion	Canvas	michaelkors.com	1	0.0001
freepeople.com	Orientation, Motion	Canvas	freepeople.com	1	0.0001
riyadonline.com	Orientation, Proximity, Light, Motion		riyadonline.com	1	0.0001
ceros.com	Orientation, Motion		ceros.com	1	0.0
targetimg1.com	Orientation	Canvas, Canvas font, WebRTC	target.com	1	0.0022
marriott.com.au	Orientation, Motion	Canvas	marriott.com.au	1	0.0
instaplus.pro	Orientation		instaplus.pro	1	0.0
tyingart.com	Orientation		tyingart.com	1	0.0
stubhub.co.uk	Orientation, Motion	Canvas	stubhub.co.uk	1	0.0
grainger.com	Orientation, Motion	Canvas	grainger.com	1	0.0002
toysrus.com	Orientation, Motion	Canvas	toysrus.com	1	0.0001
btmae.com	Orientation		btmae.com	1	0.0
abercrombie.com	Orientation, Motion	Canvas	abercrombie.com	1	0.0001
liveaquaria.com	Orientation, Motion	Canvas	liveaquaria.com	1	0.0
shomoos.com.sa	Orientation, Light, Motion	Canvas, WebRTC	shomoos.com.sa	1	0.0
pier1.com	Orientation, Motion	Canvas	pier1.com	1	0.0001
fedex.com	Orientation, Motion	Canvas	fedex.com	1	0.0025
virginatlantic.com	Orientation, Motion	Canvas	virginatlantic.com	1	0.0
fcbayern.com	Orientation, Motion	Canvas	fcbayern.com	1	0.0
qvcuk.com	Orientation, Motion	Canvas	qvcuk.com	1	0.0
adidas.it	Orientation, Motion	Canvas	adidas.it	1	0.0
bedbathandbeyond.com	Orientation, Motion	Canvas	bedbathandbeyond.com	1	0.0004
realcanadiansuperstore.ca	Orientation	Canvas, Canvas font, AudioContext, WebRTC	realcanadiansuperstore.ca	1	0.0
pcrichard.com	Orientation, Motion	Canvas	pcrichard.com	1	0.0
kansascity.com	Orientation		kansascity.com	1	0.0001
xmtrading.com	Orientation, Motion	Canvas	xmtrading.com	1	0.0003
seirex.biz	Orientation		seirex.biz	1	0.0
groupon.es	Orientation, Motion	Canvas	groupon.es	1	0.0
360buyimg.com	Orientation		baitiao.com	1	0.0
donotcall.gov	Orientation, Light, Motion	Canvas, WebRTC	donotcall.gov	1	0.0001
mymemory.co.uk	Orientation		mymemory.co.uk	1	0.0
co-operativebank.co.uk	Orientation, Proximity, Light, Motion		co-operativebank.co.uk	1	0.0001
xm.co.uk	Orientation, Motion	Canvas	xm.co.uk	1	0.0
sacbee.com	Orientation		sacbee.com	1	0.0001
otcmarkets.com	Orientation, Proximity, Light, Motion		otcmarkets.com	1	0.0
myntra.com	Orientation, Motion	Canvas	myntra.com	1	0.0007
surge.sh	Orientation		surge.sh	1	0.0
vans.co.uk	Orientation, Motion	Canvas	vans.co.uk	1	0.0
banking-oberbank.at	Orientation, Proximity, Light, Motion	Canvas	banking-oberbank.at	1	0.0
parts-express.com	Orientation		parts-express.com	1	0.0
groupon.ae	Orientation, Motion	Canvas	groupon.ae	1	0.0
exmo.com	Orientation		exmo.com	1	0.0
nofrills.ca	Orientation	Canvas, Canvas font, AudioContext, WebRTC	nofrills.ca	1	0.0
21vianet.com	Orientation		21vianet.com	1	0.0
marthastewart.com	Orientation, Proximity, Motion, Light		marthastewart.com	1	0.0001
heathersidetrading.com	Orientation		heathersidetrading.com	1	0.0
moo.com	Orientation		moo.com	1	0.0001
etihadguest.com	Orientation, Motion	Canvas	etihadguest.com	1	0.0
ih5.cn	Orientation		ih5.cn	1	0.0002
exmo.me	Orientation		exmo.me	1	0.0001
footaction.com	Orientation, Motion	Canvas	footaction.com	1	0.0
adidas.fr	Orientation, Motion	Canvas	adidas.fr	1	0.0
saiglobal.com	Orientation, Motion	Canvas	saiglobal.com	1	0.0
camex.az	Orientation		camex.az	1	0.0
infomedia.com.au	Orientation		superservice.com	1	0.0
furorporno.com	Orientation		nachovidal.com	1	0.0
target.com.au	Orientation, Motion	Canvas	target.com.au	1	0.0001
kroger.com	Orientation, Motion	Canvas	kroger.com	1	0.0002
homedepot.ca	Orientation, Motion	Canvas	homedepot.ca	1	0.0002
kubnews.ru	Orientation, Motion		kubnews.ru	1	0.0
jsdelivr.net	Proximity		kanmsu.com	1	0.0
epson.de	Proximity		epson.de	1	0.0
skyhives.com	Proximity		skyhives.com	1	0.0
axa.com	Proximity, Orientation, Light, Motion		axa.com	1	0.0
hampshire.edu	Proximity		hampshire.edu	1	0.0
sumo.com	Proximity		sumo.com	1	0.0
epson.fr	Proximity		epson.fr	1	0.0
daytondailynews.com	Proximity, Orientation, Light, Motion		daytondailynews.com	1	0.0
taxpolicycenter.org	Proximity		taxpolicycenter.org	1	0.0
epson.co.uk	Proximity		epson.co.uk	1	0.0
efirstbank.com	Proximity, Orientation, Light, Motion		efirstbank.com	1	0.0001
d4c0ui3wizi5e.cloudfront.net	Proximity		nachi.org	1	0.0
userede.com.br	Proximity		userede.com.br	1	0.0
locaweb.com.br	Proximity		locaweb.com.br	1	0.0001
epson.it	Proximity		epson.it	1	0.0
adage.com	Proximity, Light		adage.com	1	0.0001
acura.com	Proximity		acura.com	1	0.0
annals.org	Proximity, Light		annals.org	1	0.0
rackcdn.com	Proximity		arise.com	1	0.0
mantruckandbus.com	Proximity		man.eu	1	0.0
hyperxgaming.com	Proximity		hyperxgaming.com	1	0.0
workflowmax.com	Orientation, Motion	Canvas	workflowmax.com	1	0.0
virginmoneygiving.com	Orientation, Light, Motion		virginmoneygiving.com	1	0.0
be-in.ru	Proximity		be-in.ru	1	0.0
soccerbible.com	Proximity		soccerbible.com	1	0.0
charbroil.com	Proximity		charbroil.com	1	0.0
proofpositivemedia.com	Proximity, Orientation, Light, Motion	AudioContext, Battery	collegexpress.com	1	0.0
pelismart.com	Proximity		pelismart.com	1	0.0
roosevelt.edu	Proximity		roosevelt.edu	1	0.0
payback.de	Proximity		payback.de	1	0.0002
d2krftu0n4417x.cloudfront.net	Proximity		photovisi.com	1	0.0
newsela.com	Proximity		newsela.com	1	0.0002
s3-sa-east-1.amazonaws.com	Proximity		polishop.com.br	1	0.0
epson.es	Proximity		epson.es	1	0.0
pathoma.com	Proximity		pathoma.com	1	0.0001
anl.gov	Proximity		anl.gov	1	0.0
santander.com.mx	Proximity, Motion, Light, Orientation	Canvas	santander-serfin.com	1	0.0
makeameme.org	Proximity		makeameme.org	1	0.0
mdedge.com	Proximity, Light, Orientation, Motion		mdedge.com	1	0.0
volkswagen.co.uk	Proximity		volkswagen.co.uk	1	0.0
overstock.com	Orientation, Motion	Canvas	overstock.com	1	0.0004
saks.com	Orientation, Motion	Canvas	saksfifthavenue.com	1	0.0001
xm-indonesia.com	Orientation, Motion	Canvas	xm-indonesia.com	1	0.0001
staples.com	Orientation, Motion	Canvas	staples.com	1	0.0004
rsvp.com.au	Orientation		rsvp.com.au	1	0.0
openprocessing.org	Orientation, Motion		openprocessing.org	1	0.0
buffalowildwings.com	Orientation		buffalowildwings.com	1	0.0001
xzw.com	Orientation		xzw.com	1	0.0
elnuevoherald.com	Orientation		elnuevoherald.com	1	0.0001
momento360.com	Orientation		iith.ac.in	1	0.0
billabong.com	Orientation, Motion	Canvas	billabong.com	1	0.0
worldmarktheclub.com	Orientation, Motion		worldmarktheclub.com	1	0.0
cinematrix.net	Orientation		cinematrix.net	1	0.0
pcoptimum.ca	Orientation	Canvas, Canvas font, AudioContext, WebRTC	pcoptimum.ca	1	0.0001
starwoodhotels.com	Orientation		starwoodhotels.com	1	0.0003
docin.com	Orientation		docin.com	1	0.0006
marcus.com	Orientation, Motion	Canvas	marcus.com	1	0.0
leancloud.cn	Orientation		leancloud.cn	1	0.0001
lordandtaylor.com	Orientation, Motion	Canvas	lordandtaylor.com	1	0.0001
audi.co.uk	Orientation, Motion		audi.co.uk	1	0.0
drsfostersmith.com	Orientation, Motion	Canvas	drsfostersmith.com	1	0.0
zalora.co.id	Orientation, Motion	Canvas	zalora.co.id	1	0.0
soccer.com	Orientation, Motion	Canvas	soccer.com	1	0.0
simmons.edu	Orientation		simmons.edu	1	0.0
anthem.com	Orientation, Motion	Canvas	anthem.com	1	0.0001
easyjet.com	Orientation, Motion	Canvas	easyjet.com	1	0.0004
autoscout24.be	Orientation		autoscout24.be	1	0.0001
quepasasalta.com.ar	Orientation		quepasasalta.com.ar	1	0.0
hautelook.com	Orientation, Motion	Canvas	hautelook.com	1	0.0001
cbk-online.com	Orientation, Light, Motion	Canvas, WebRTC	cbk-online.com	1	0.0
allrecipes.com	Orientation, Light, Motion, Proximity		allrecipes.com	1	0.0008
lq.com	Orientation, Motion	Canvas	lq.com	1	0.0
wnkhs.net	Orientation		wnkhs.net	1	0.0
adidas.com.au	Orientation, Motion	Canvas	adidas.com.au	1	0.0
oktawave.com	Orientation		conowego.pl	1	0.0
jaybirdsport.com	Orientation		jaybirdsport.com	1	0.0
charlotteobserver.com	Orientation		charlotteobserver.com	1	0.0001
groupon.de	Orientation, Motion	Canvas	groupon.de	1	0.0001
key.com	Orientation, Motion	Canvas	key.com	1	0.0001
yoox.com	Orientation, Motion	Canvas	yoox.com	1	0.0003
stubhub.com	Orientation, Motion	Canvas	stubhub.com	1	0.0005
warriorplus.com	Orientation		warriorplus.com	1	0.0001
autoscout24.ro	Orientation		autoscout24.ro	1	0.0
evowars.io	Orientation, Motion		evowars.io	1	0.0
arrow.com	Orientation, Motion	Canvas	arrow.com	1	0.0
autoscout24.ru	Orientation		autoscout24.ru	1	0.0
adidas.com	Orientation, Motion	Canvas	adidas.com	1	0.0004
dod.mil	Orientation, Light, Motion	Canvas, WebRTC	dod.mil	1	0.0
wrangler.com	Orientation, Motion	Canvas	wrangler.com	1	0.0
icubeswire.com	Orientation		icubeswire.com	1	0.0001
hollandamerica.com	Orientation, Motion	Canvas	hollandamerica.com	1	0.0
adidas.co.uk	Orientation, Motion	Canvas	adidas.co.uk	1	0.0001
timberland.co.uk	Orientation, Motion	Canvas	timberland.co.uk	1	0.0
humana.com	Orientation, Motion	Canvas	humana.com	1	0.0
adidas.es	Orientation, Motion	Canvas	adidas.es	1	0.0
doradcasmaku.pl	Orientation		doradcasmaku.pl	1	0.0
kentucky.com	Orientation		kentucky.com	1	0.0
usaa.com	Orientation, Motion	Canvas	usaa.com	1	0.0009
adidas.pl	Orientation, Motion	Canvas	adidas.pl	1	0.0
hollisterco.com	Orientation, Motion	Canvas	hollisterco.com	1	0.0001
aa.com	Orientation	Canvas, Canvas font	americanairlines.com	1	0.0
vivastreet.co.uk	Orientation, Light, Motion		vivastreet.co.uk	1	0.0001
patagonia.com	Orientation, Motion	Canvas	patagonia.com	1	0.0001
autoscout24.com	Orientation		autoscout24.com	1	0.0
ukranews.com	Orientation		ukranews.com	1	0.0
footlocker.ca	Orientation, Motion	Canvas	footlocker.ca	1	0.0
bitlead.pro	Orientation		bitlead.pro	1	0.0
ntv.com.tr	Orientation		ntv.com.tr	1	0.0003
thenorthface.com	Orientation, Motion	Canvas	thenorthface.com	1	0.0001
locari.jp	Orientation		locari.jp	1	0.0
hu.nl	Orientation		hu.nl	1	0.0
jianduankm.com	Orientation		wsm.cn	1	0.0
finnair.com	Orientation, Motion	Canvas	finnair.com	1	0.0001
zhizhub.com	Orientation		zhizhub.com	1	0.0
salon.com	Orientation, Motion		salon.com	1	0.0001
wizzair.com	Orientation, Motion	Canvas	wizzair.com	1	0.0002
jhancockpensions.com	Orientation, Motion	Canvas	jhancockpensions.com	1	0.0
nutrisystem.com	Orientation, Motion	Canvas	nutrisystem.com	1	0.0
quantopian.com	Orientation		quantopian.com	1	0.0
udnfunlife.com	Orientation, Motion		udnfunlife.com	1	0.0
credicard.com.br	Orientation, Motion		credicard.com.br	1	0.0
idahostatesman.com	Orientation		idahostatesman.com	1	0.0
realtimeboard.com	Orientation		realtimeboard.com	1	0.0
footlocker.com	Orientation, Motion	Canvas	footlocker.com	1	0.0002
ultimateears.com	Orientation		ultimateears.com	1	0.0
newsobserver.com	Orientation		newsobserver.com	1	0.0001
capitalone.com	Orientation, Motion	Canvas	capitalone.com	1	0.0023
uhcsr.com	Orientation		uhcsr.com	1	0.0
ticketmaster.com	Orientation, Motion	Canvas	ticketmaster.com	1	0.0015
cabelasclubvisa.com	Orientation, Motion	Canvas	cabelasclubvisa.com	1	0.0
cqzeno.com	Orientation		cqzeno.com	1	0.0
coinnest.co.kr	Orientation		coinnest.co.kr	1	0.0
bb.org.bd	Orientation, Light, Motion	Canvas, WebRTC	bb.org.bd	1	0.0
tenping.kr	Orientation		mintelly.blogspot.kr	1	0.0
solutioninn.com	Orientation		solutioninn.com	1	0.0
tui.nl	Orientation, Light, Motion	Canvas, WebRTC	tui.nl	1	0.0
nordstromcard.com	Orientation, Motion	Canvas	nordstromcard.com	1	0.0
autoscout24.nl	Orientation		autoscout24.nl	1	0.0
xm.com	Orientation, Motion	Canvas	xm.com	1	0.0004
davidsbridal.com	Orientation, Motion	Canvas	davidsbridal.com	1	0.0
advocare.com	Orientation, Motion	Canvas	advocare.com	1	0.0
panerabread.com	Orientation, Motion	Canvas	panerabread.com	1	0.0002
chiefarchitect.com	Motion		chiefarchitect.com	1	0.0
eas.pt	Motion		eas.pt	1	0.0
kayak.com.mx	Motion	Canvas, AudioContext	kayak.com.mx	1	0.0
gotogate.com	Motion		gotogate.com	1	0.0
momondo.es	Motion	Canvas, AudioContext	momondo.es	1	0.0
touchofmodern.com	Motion		touchofmodern.com	1	0.0001
kayak.it	Motion	Canvas, AudioContext	kayak.it	1	0.0
fiverr.com	Motion	Canvas, AudioContext	fiverr.com	1	0.0018
seamless.com	Motion		seamless.com	1	0.0002
ipsy.com	Motion		ipsy.com	1	0.0001
kayak.es	Motion	Canvas, AudioContext	kayak.es	1	0.0
cheapflights.ca	Motion	Canvas, AudioContext	cheapflights.ca	1	0.0
moh.gov.sa	Motion	Canvas, WebRTC	moh.gov.sa	1	0.0001
lightingdirect.com	Motion		lightingdirect.com	1	0.0
kayak.co.in	Motion	Canvas, AudioContext	kayak.co.in	1	0.0
ezcater.com	Motion		ezcater.com	1	0.0
seekingalpha.com	Motion		seekingalpha.com	1	0.0006
capital.fr	Motion		capital.fr	1	0.0001
engineerjobs.com	Motion		engineerjobs.com	1	0.0
icao.int	Motion	Canvas, WebRTC	icao.int	1	0.0
momondo.it	Motion	Canvas, AudioContext	momondo.it	1	0.0
gotogate.fr	Motion		gotogate.fr	1	0.0
360cities.net	Motion		360cities.net	1	0.0
mojebanka.cz	Motion		mojebanka.cz	1	0.0001
kayak.de	Motion	Canvas, AudioContext	kayak.de	1	0.0
99designs.com.br	Motion		99designs.com.br	1	0.0
greencarreports.com	Motion		greencarreports.com	1	0.0
anb.com.sa	Motion	Canvas, WebRTC	anb.com.sa	1	0.0
hotpads.com	Motion		hotpads.com	1	0.0002
thriftbooks.com	Motion	Canvas, AudioContext	thriftbooks.com	1	0.0001
momondo.ro	Motion	Canvas, AudioContext	momondo.ro	1	0.0
tjmylike.com	Motion		tjmylike.com	1	0.0
momondo.ru	Motion	Canvas, AudioContext	momondo.ru	1	0.0001
azcentral.com	Motion		azcentral.com	1	0.0001
zazzle.co.uk	Motion	Canvas, AudioContext	zazzle.co.uk	1	0.0
99designs.com	Motion		99designs.com	1	0.0002
ba.com	Motion	Canvas, WebRTC	ba.com	1	0.0001
news.gr	Motion		news.gr	1	0.0
upwork.com	Motion		upwork.com	1	0.0015
unitedhealthcareonline.com	Motion	Canvas, WebRTC	unitedhealthcareonline.com	1	0.0
renttherunway.com	Motion		renttherunway.com	1	0.0001
washingtonmonthly.com	Motion		washingtonmonthly.com	1	0.0
zalora.com.hk	Motion, Orientation	Canvas	zalora.com.hk	1	0.0
momondo.fr	Motion	Canvas, AudioContext	momondo.fr	1	0.0
adidas.ca	Motion, Orientation	Canvas	adidas.ca	1	0.0
groupon.co.uk	Motion, Orientation	Canvas	groupon.co.uk	1	0.0001
momondo.fi	Motion	Canvas, AudioContext	momondo.fi	1	0.0
golem.network	Motion, Orientation		golem.network	1	0.0
zazzle.com	Motion	Canvas, AudioContext	zazzle.com	1	0.0002
placeforshow.com	Motion, Orientation		qip.ru	1	0.0001
shopspring.com	Motion	Canvas	shopspring.com	1	0.0
groupon.pl	Motion, Orientation	Canvas	groupon.pl	1	0.0
creditonebank.com	Motion	Canvas, WebRTC	creditonebank.com	1	0.0002
alquds.com	Motion		alquds.com	1	0.0
checkfelix.com	Motion	Canvas, AudioContext	checkfelix.com	1	0.0
bedbathandbeyond.ca	Motion, Orientation	Canvas	bedbathandbeyond.ca	1	0.0
idealista.com	Motion		idealista.com	1	0.0004
lulus.com	Motion		lulus.com	1	0.0002
octopart.com	Motion	Canvas, AudioContext	octopart.com	1	0.0001
danbolig.dk	Motion		danbolig.dk	1	0.0
compactappliance.com	Motion		compactappliance.com	1	0.0
stan.com.au	Motion		stan.com.au	1	0.0001
justgetflux.com	Light		justgetflux.com	1	0.0001
pstatic.gr	Light		bestprice.gr	1	0.0001
ncsecu.org	Light, Motion, Orientation	Canvas, WebRTC	ncsecu.org	1	0.0001
gigatron.rs	Light		gigatron.rs	1	0.0
kayak.co.jp	Motion	Canvas, AudioContext	kayak.co.jp	1	0.0
beefree.io	Motion, Orientation		beefree.io	1	0.0
banggo.com	Motion		banggo.com	1	0.0001
aljarida.com	Motion		aljarida.com	1	0.0
kayak.co.uk	Motion	Canvas, AudioContext	kayak.co.uk	1	0.0
momondo.se	Motion	Canvas, AudioContext	momondo.se	1	0.0
rltracker.pro	Motion		rltracker.pro	1	0.0
voici.fr	Motion		voici-news.fr	1	0.0
momondo.co.uk	Motion	Canvas, AudioContext	momondo.co.uk	1	0.0
bit.ua	Motion		bit.ua	1	0.0
momondo.no	Motion	Canvas, AudioContext	momondo.no	1	0.0
landof10.com	Motion		landof10.com	1	0.0
travelstart.de	Motion		travelstart.de	1	0.0
avvo.com	Motion		avvo.com	1	0.0001
essential.com	Motion		essential.com	1	0.0
tipico.de	Motion, Orientation	Canvas	tipico.de	1	0.0001
groupon.be	Motion, Orientation	Canvas	groupon.be	1	0.0
groupon.ie	Motion, Orientation	Canvas	groupon.ie	1	0.0
hotelscombined.com	Motion	Canvas, AudioContext	hotelscombined.com	1	0.0001
marriott.co.jp	Motion, Orientation	Canvas, Canvas font, WebRTC	marriott.co.jp	1	0.0
groupon.it	Motion, Orientation	Canvas	groupon.it	1	0.0001
nordstromrack.com	Motion, Orientation	Canvas	nordstromrack.com	1	0.0003
grubhub.com	Motion		grubhub.com	1	0.0004
simplyhired.com	Motion		simplyhired.com	1	0.0001
fidelity.com	Motion, Orientation	Canvas	fidelity.com	1	0.0016
kayak.com	Motion	Canvas, AudioContext	kayak.com	1	0.001
broadwayworld.com	Motion		broadwayworld.com	1	0.0001
cheapflights.com	Motion	Canvas, AudioContext	cheapflights.com	1	0.0001
champssports.com	Motion, Orientation	Canvas	champssports.com	1	0.0
phila.gov	Motion	Canvas, WebRTC	phila.gov	1	0.0
gala.fr	Motion		gala-news.fr	1	0.0
swoodoo.com	Motion	Canvas, AudioContext	swoodoo.com	1	0.0001
idealista.it	Motion		idealista.it	1	0.0001
myuhc.com	Motion	Canvas, WebRTC	myuhc.com	1	0.0001
faucetdirect.com	Motion		faucetdirect.com	1	0.0
hotelscombined.co.kr	Motion	Canvas, AudioContext	hotelscombined.co.kr	1	0.0
leisurepro.com	Motion		leisurepro.com	1	0.0
ns8ds.com	Motion		zippo.com	1	0.0
workopolis.com	Motion		workopolis.com	1	0.0001
cheapflights.co.za	Motion	Canvas, AudioContext	cheapflights.co.za	1	0.0
drupal.org	Motion	Canvas, AudioContext	drupal.org	1	0.0002
kayak.co.kr	Motion	Canvas, AudioContext	kayak.co.kr	1	0.0
ruelala.com	Motion		ruelala.com	1	0.0
adorama.com	Motion		adorama.com	1	0.0001
poppriceguide.com	Motion		poppriceguide.com	1	0.0
dk9z4pchmqfep.cloudfront.net	Motion		wimdu.de	1	0.0
momondo.de	Motion	Canvas, AudioContext	momondo.de	1	0.0001
kayak.fr	Motion	Canvas, AudioContext	kayak.fr	1	0.0
eluniversal.com.co	Motion		eluniversal.com.co	1	0.0
tstc.edu	Motion		tstc.edu	1	0.0
dropmefiles.com	Orientation		dropmefiles.com	1	0.0001
local.ch	Orientation		local.ch	1	0.0
jgchq.com	Orientation		btbit.xyz	1	0.0001
directv.com	Orientation		directv.com	1	0.0003
informa.com	Orientation		informa.com	1	0.0
hulaporn.com	Orientation		porn300.com	1	0.0005
thestate.com	Orientation		thestate.com	1	0.0001
shoppersdrugmart.ca	Orientation	Canvas, Canvas font, AudioContext, WebRTC	shoppersdrugmart.ca	1	0.0
pcprcl.com	Orientation, Motion		pcprcl.com	1	0.0
fresnobee.com	Orientation		fresnobee.com	1	0.0
centredaily.com	Orientation		centredaily.com	1	0.0
wtop.com	Orientation		wtop.com	1	0.0001
klei.com	Orientation		kleientertainment.com	1	0.0
hotelscombined.com.tw	Motion	Canvas, AudioContext	hotelscombined.com.tw	1	0.0
wolt.com	Motion	Canvas	wolt.com	1	0.0
autoscout24.it	Orientation		autoscout24.it	1	0.0002
st8fm.com	Orientation	Canvas, Canvas font	statefarm.com	1	0.0002
autoscout24.fr	Orientation		autoscout24.fr	1	0.0
thenewstribune.com	Orientation		thenewstribune.com	1	0.0
101.com	Orientation		101.com	1	0.0
cbssports.com	Orientation		cbssports.com	1	0.0009
elle.com.hk	Orientation		elle.com.hk	1	0.0
gfycat.com	Orientation		gfycat.com	1	0.0035
ambientplatform.vn	Motion		thegioidienanh.vn	1	0.0
mundi.com.br	Motion	Canvas, AudioContext	mundi.com.br	1	0.0
momondo.dk	Motion	Canvas, AudioContext	momondo.dk	1	0.0
99designs.co.uk	Motion		99designs.co.uk	1	0.0
kayak.com.au	Motion	Canvas, AudioContext	kayak.com.au	1	0.0
build.com	Motion		build.com	1	0.0
tax.gov.ma	Motion	Canvas, WebRTC	tax.gov.ma	1	0.0
npr.org	Motion		npr.org	1	0.0014
spillad.com	Motion		lifeofpix.com	1	0.0
mtb.com	Motion	Canvas, WebRTC	mtb.com	1	0.0001
saatchiart.com	Motion		saatchiart.com	1	0.0
priceline.com	Motion		priceline.com	1	0.0006
alkhaleejonline.net	Motion		alkhaleejonline.net	1	0.0
filmow.com	Motion		filmow.com	1	0.0001
06movie.com	Motion		06movie.com	1	0.0
wowjobs.ca	Motion		wowjobs.ca	1	0.0
simplyhired.co.in	Motion		simplyhired.co.in	1	0.0
therealreal.com	Motion		therealreal.com	1	0.0001
idealista.pt	Motion		idealista.pt	1	0.0
sunnysports.com	Motion		sunnysports.com	1	0.0
alaskaair.com	Motion	Canvas, AudioContext	alaskaair.com	1	0.0003
northjersey.com	Motion		northjersey.com	1	0.0
amnesty.org	Motion		amnesty.org	1	0.0
cheapflights.co.uk	Motion	Canvas, AudioContext	cheapflights.co.uk	1	0.0
goconqr.com	Motion		goconqr.com	1	0.0001
supersavertravel.se	Motion		supersavertravel.se	1	0.0
momondo.pt	Motion	Canvas, AudioContext	momondo.pt	1	0.0
matchesfashion.com	Motion		matchesfashion.com	1	0.0001
smutty.com	Motion		smutty.com	1	0.0001
desktx.com	Motion		desktx.com	1	0.0
momondo.com	Motion	Canvas, AudioContext	momondo.com	1	0.0001
tfi.uz	Motion		tfi.uz	1	0.0
cnn.io	Motion		cnn.com	1	0.01
realself.com	Motion	Canvas, AudioContext	realself.com	1	0.0001
harveynichols.com	Motion	Canvas, AudioContext	harveynichols.com	1	0.0001
kayak.com.br	Motion	Canvas, AudioContext	kayak.com.br	1	0.0
